N,PDBid,Chain,RESN,RESwt,RESmut,Tmexp,Tmexp_wt_,Hmexp,Hmexp_wt_,CPexp,CPexp_wt_,Gexp_T_,T,Nres,R,Protein,Organism,Ref_,pH,Exp_Tech_
113,1c52,A,69,MET,ALA,4.0,94.9,-121,-127,-0.8,-1.3,-21.0,25,131,1.28,CY C552,THET,[239],[7.0],CD
146,1csp,A,1,MET,ARG,10.4,55.3,-33,-193,-,-,-7.3,70,67,2.45,Csp,BACSU,[20],[7.0],CD
148,1csp,A,3,GLU,LYS,16.6,55.3,-10,-193,-,-,-11.5,70,67,2.45,Csp,BACSU,[20],[7.0],CD
149,1csp,A,3,GLU,LEU,9.3,55.3,-15,-193,-,-,-6.8,70,67,2.45,Csp,BACSU,[20],[7.0],CD
150,1csp,A,3,GLU,GLN,10.3,55.3,-31,-193,-,-,-5.5,55,67,2.45,Csp,BACSU,[21],[7.5],CD
151,1csp,A,3,GLU,ARG,15.8,55.3,-26,-193,-,-,-11.1,70,67,2.45,Csp,BACSU,[20],[7.0],CD
152,1csp,A,3,GLU,VAL,10.2,55.3,-12,-193,-,-,-7.4,70,67,2.45,Csp,BACSU,[20],[7.0],CD
161,1csp,A,46,ALA,LYS,8.4,55.3,-23,-193,-,-,-5.9,70,67,2.45,Csp,BACSU,[20],[7.0],CD
164,1csp,A,48,SER,LYS,7.7,55.3,-2,-193,-,-,-5.9,70,67,2.45,Csp,BACSU,[20],[7.0],CD
165,1csp,A,48,SER,ARG,8.9,55.3,-9,-193,-,-,-6.6,70,67,2.45,Csp,BACSU,[20],[7.0],CD
169,1csp,A,65,LYS,ILE,8.6,55.3,-8,-193,-,-,-6.4,70,67,2.45,Csp,BACSU,[20],[7.0],CD
170,1csp,A,66,GLU,LYS,12.9,55.3,-33,-193,-,-,-9.1,70,67,2.45,Csp,BACSU,[20],[7.0],CD
171,1csp,A,66,GLU,LEU,12.6,55.3,-31,-193,-,-,-8.8,70,67,2.45,Csp,BACSU,[20],[7.0],CD
172,1csp,A,66,GLU,VAL,10.6,55.3,-28,-193,-,-,-7.2,70,67,2.45,Csp,BACSU,[20],[7.0],CD
206,1ey0,A,21,ASP,ASN,7.2,53.1,-,-337,-,-9.1,-5.9,20,149,1.6,S. Nuclease,STAA,[33],[7.0],FL
323,1ey0,A,124,HIS,LEU,5.3,53.1,-79,-337,0.9,-9.1,-6.6,25,149,1.6,S. Nuclease,STAA,"[32,34,39]",[7.0],FL-DSC
475,1io2,A,7,ASP,ASN,3.1,84.8,0,-573,-,-,-7.0,50,213,2.0,RNA HII,THEKO,[53],[9.0],DSC
476,1io2,A,8,GLU,ALA,8.0,84.8,-142,-573,-,-,-11.1,50,213,2.0,RNA HII,THEKO,[53],[9.0],DSC
484,1io2,A,105,ASP,ALA,4.2,84.8,-138,-573,-,-,-6.6,50,213,2.0,RNA HII,THEKO,[53],[9.0],DSC
486,1io2,A,135,ASP,ALA,5.2,84.8,-42,-573,-,-,-10.7,50,213,2.0,RNA HII,THEKO,[53],[9.0],DSC
853,1lz1,A,58,GLN,GLY,5.7,64.9,-10,-477,1,-6.5,-6.7,25,130,1.5,1AM7,Human,[101],[2.7],DSC
904,1lz1,A,110,VAL,ALA,1.5,64.9,-7,-477,1.4,-6.5,-5.2,25,130,1.5,1AM7,Human,[95],[2.7],DSC
1049,1poh,A,49,LYS,ALA,6.6,63.4,-18,-317,-,-,-6.7,25,85,2.0,1POH,Ecoli,[114],[7.0],CD
1050,1poh,A,49,LYS,ASP,7.4,63.4,-18,-317,-,-,-7.5,25,85,2.0,1POH,Ecoli,[114],[7.0],CD
1051,1poh,A,49,LYS,GLU,8.7,63.4,-36,-317,-,-,-8.8,25,85,2.0,1POH,Ecoli,[114],[7.0],CD
1055,1poh,A,49,LYS,GLN,6.4,63.4,-50,-317,-,-,-6.3,25,85,2.0,1POH,Ecoli,[114],[7.0],CD
1078,1rn1,C,25,GLN,LYS,3.4,50.1,-46,-404,-,-5.4,-5.9,25,104,1.84,RNA T1p,ASPOR,[122],[7.0],FL
1238,1wq5,A,118,CYS,SER,-8.5,59.5,78,-394,10.5,-20.1,-5.2,25,268,2.3,TSA,Ecoli,[149],[9.0],DSC
1255,1ycc,A,69,THR,GLU,5.2,58.0,-71,-345,-,-5.7,-6.3,57,108,1.23,CYC1,Yeast,[160],[6.0],DSC
1279,1ycc_c102a,A,52,ASN,ILE,0.9,63.3,-5,-330,-,-,-8.5,27,108,1.23,CYC1,Yeast,[161],[5.0],DSC
1280,1ycc_c102a,A,52,ASN,LEU,12.9,63.3,-82,-330,-,-,-10.7,27,108,1.23,CYC1,Yeast,[161],[4.6],DSC
1281,1ycc_c102a,A,52,ASN,MET,13.4,63.3,-72,-330,-,-,-9.4,27,108,1.23,CYC1,Yeast,[161],[4.6],DSC
1285,1ycc_c102a,A,52,ASN,VAL,8.8,63.3,-57,-330,-,-,-7.0,27,108,1.23,CYC1,Yeast,[161],[4.6],DSC
1315,2hbb,A,12,LYS,MET,7.9,77.6,-,-,-,-,-7.9,25,51,1.9,RPS L9-N,GEOSE,[175],[5.5],CD
1335,2lzm,A,11,GLU,PHE,4.3,65.1,8,-586,-,-10.4,-7.1,69,164,1.7,LYZ T4,BPT4,[181],[5.4],CD
1336,2lzm,A,11,GLU,MET,4.1,65.1,25,-586,-,-10.4,-6.7,69,164,1.7,LYZ T4,BPT4,[181],[5.4],CD
1376,2lzm,A,117,SER,ILE,4.2,65.1,50,-586,-,-10.4,-7.1,69,164,1.7,LYZ T4,BPT4,[181],[5.4],CD
1377,2lzm,A,117,SER,VAL,5.1,65.1,29,-586,-,-10.4,-8.4,69,164,1.7,LYZ T4,BPT4,[181],[5.4],CD
1394,2lzm,A,132,ASN,PHE,3.3,65.1,25,-586,-,-10.4,-5.4,69,164,1.7,LYZ T4,BPT4,[181],[5.4],CD
1396,2lzm,A,132,ASN,MET,3.6,65.1,25,-586,-,-10.4,-6.3,69,164,1.7,LYZ T4,BPT4,[181],[5.4],CD
1494,2trx,A,26,ASP,ILE,11.0,85.4,-,-411,-,-10.3,-13.0,25,108,1.68,TRDX,Ecoli,[213],[7.0],DSC
1497,2trx,A,40,PRO,SER,-0.4,85.4,-21,-411,0.5,-10.3,-6.1,25,108,1.68,TRDX,Ecoli,[214],[7.0],DSC
1502,3d2c,A,134,MET,GLU,1.7,71.2,-,-,-,-,-12.6,25,181,2.18,LIP 4D3,BACSU,[255],[7.2],CD
1503,3d2c,A,137,MET,PRO,2.9,71.2,-,-,-,-,-14.0,25,181,2.18,LIP 4D3,BACSU,[255],[7.2],CD
1504,3d2c,A,163,SER,PRO,1.0,71.2,-,-,-,-,-8.8,25,181,2.18,LIP 4D3,BACSU,[255],[7.2],CD
